[
    {
        "League": "NBA",
        "Game": "Cavs vs Pacers",
        "Pick": "Donovan Mitchell u5.5 AST",
        "Confidence": 94,
        "Odds": "-110"
    },
    {
        "League": "NBA",
        "Game": "Warriors vs Rockets",
        "Pick": "Stephen Curry o3.5 3PM",
        "Confidence": 90,
        "Odds": "-105"
    },
    {
        "League": "NHL",
        "Game": "Jets vs Blues",
        "Pick": "Over 5.5 Goals",
        "Confidence": 87,
        "Odds": "+100"
    },
    {
        "League": "NHL",
        "Game": "Jets vs Blues",
        "Pick": "Mark Scheifele o0.5 Points",
        "Confidence": 82,
        "Odds": "-115"
    },
    {
        "League": "NBA",
        "Game": "Warriors vs Rockets",
        "Pick": "Fred VanVleet o7.5 AST",
        "Confidence": 80,
        "Odds": "-110"
    }
]